review_order,question_id,job_id,content_id,title,source_label,candidate_status,status_note
1,EMS2026-4-1-3-5-02,JOB-4-1-3-5-02,4.1.3.5,ICS-200 For Initial Incident Command,first50_reviewed_website_push,active_or_staged_candidate,
2,EMS2026-2-1-2-4-01,JOB-2-1-2-4-01,2.1.2.4,Bariatric Airway Reserve,first50_reviewed_website_push,active_or_staged_candidate,
3,EMS2026-3-1-2-1-02,JOB-3-1-2-1-02,3.1.2.1,System 1 Reasoning Trap,first50_reviewed_website_push,active_or_staged_candidate,
4,EMS2026-2-3-3-1-1-05,JOB-2-3-3-1-1-05,2.3.3.1.1,Stroke Mimic Glucose Check,first50_reviewed_website_push,active_or_staged_candidate,
5,EMS2026-2-2-1-1-02,JOB-2-2-1-1-02,2.2.1.1,Penetrating Trauma Fluid Timing,first50_reviewed_website_push,active_or_staged_candidate,
6,EMS2026-2-1-2-1-3-03,JOB-2-1-2-1-3-03,2.1.2.1.3,Correcting A Failing BVM Seal,paramedic_next_action_50,active_or_staged_candidate,
7,EMS2026-1-4-4-3-04,JOB-1-4-4-3-04,1.4.4.3,Public Access Defibrillation Law Variation,first50_reviewed_website_push,active_or_staged_candidate,
8,EMS2026-1-4-4-5-06,JOB-1-4-4-5-06,1.4.4.5,Coalition Coordination During Surge,first50_reviewed_website_push,active_or_staged_candidate,
9,EMS2026-3-1-1-07,JOB-3-1-1-07,3.1.1,PDSA Small Test Of Change,first50_reviewed_website_push,active_or_staged_candidate,
10,EMS2026-4-4-4-04,JOB-4-4-4-04,4.4.4,Tactical Field Care Tradeoff,first50_reviewed_website_push,active_or_staged_candidate,
11,EMS2026-2-3-11-3-1-02,JOB-2-3-11-3-1-02,2.3.11.3.1,Stable Returned Traveler With Suspected VHF PPE,first50_reviewed_website_push,active_or_staged_candidate,
12,EMS2026-2-1-2-2-6-03,JOB-2-1-2-2-6-03,2.1.2.2.6,Airway Choice After CPR Pauses,paramedic_next_action_50,active_or_staged_candidate,
13,EMS2026-1-1-1-1-1-05,JOB-1-1-1-1-1-05,1.1.1.1.1,Physician Field Procedure Governance,first50_reviewed_website_push,active_or_staged_candidate,
14,EMS2026-2-2-7-1-03,JOB-2-2-7-1-03,2.2.7.1,Severe TBI Airway Quality Dependency,first50_reviewed_website_push,active_or_staged_candidate,
15,EMS2026-2-2-1-2-05,JOB-2-2-1-2-05,2.2.1.2,Permissive Hypotension Boundary,first50_reviewed_website_push,active_or_staged_candidate,
16,EMS2026-1-1-2-5-03,JOB-1-1-2-5-03,1.1.2.5,Abandonment And Inadequate Assessment,first50_reviewed_website_push,active_or_staged_candidate,
17,EMS2026-4-2-5-1-03,JOB-4-2-5-1-03,4.2.5.1,Event Dispatch Responsibilities,first50_reviewed_website_push,active_or_staged_candidate,
18,EMS2026-2-1-2-6-03,JOB-2-1-2-6-03,2.1.2.6,Post-Tonsillectomy Airway Priority,paramedic_next_action_50,active_or_staged_candidate,
19,EMS2026-2-3-7-3-4-04,JOB-2-3-7-3-4-04,2.3.7.3.4,Postpartum Hemorrhage Adjuncts,first50_reviewed_website_push,active_or_staged_candidate,
20,EMS2026-2-4-5-5-01,JOB-2-4-5-5-01,2.4.5.5,BRUE Definition Boundary,first50_reviewed_website_push,active_or_staged_candidate,
21,EMS2026-1-5-3-01,JOB-1-5-3-01,1.5.3,Emergency Risk Communication Statement,first50_reviewed_website_push,active_or_staged_candidate,
22,EMS2026-2-3-11-1-1-02,JOB-2-3-11-1-1-02,2.3.11.1.1,Bloodborne Exposure Route,first50_reviewed_website_push,active_or_staged_candidate,
23,EMS2026-2-4-5-1-05,JOB-2-4-5-1-05,2.4.5.1,Pediatric Airway Program Metrics,first50_reviewed_website_push,active_or_staged_candidate,
24,EMS2026-2-1-3-1-03,JOB-2-1-3-1-03,2.1.3.1,Compensated Shock With Bleeding,paramedic_next_action_50,active_or_staged_candidate,
25,EMS2026-2-3-5-2-04,JOB-2-3-5-2-04,2.3.5.2,Hypoglycemia Treat-And-Release Criteria,first50_reviewed_website_push,active_or_staged_candidate,
26,EMS2026-3-2-2-05,JOB-3-2-2-05,3.2.2,Interventional Study Identification,first50_reviewed_website_push,active_or_staged_candidate,
27,EMS2026-3-1-3-2-02,JOB-3-1-3-2-02,3.1.3.2,QI Infrastructure And Trust,first50_reviewed_website_push,active_or_staged_candidate,
28,EMS2026-2-4-1-02,JOB-2-4-1-02,2.4.1,Field-Relevant POC Testing,first50_reviewed_website_push,active_or_staged_candidate,
29,EMS2026-3-1-2-2-04,JOB-3-1-2-2-04,3.1.2.2,Human Factors Safer Default,first50_reviewed_website_push,active_or_staged_candidate,
30,EMS2026-2-1-3-2-03,JOB-2-1-3-2-03,2.1.3.2,Obstructive Shock From Chest Trauma,paramedic_next_action_50,active_or_staged_candidate,
31,EMS2026-1-4-4-3-01,JOB-1-4-4-3-01,1.4.4.3,Community Intervention For CARES Outcomes,first50_reviewed_website_push,active_or_staged_candidate,
32,EMS2026-1-4-4-5-01,JOB-1-4-4-5-01,1.4.4.5,Public Health Functions In EMS Collaboration,first50_reviewed_website_push,active_or_staged_candidate,
33,EMS2026-3-2-3-3-01,JOB-3-2-3-3-01,3.2.3.3,Intention-To-Treat Analysis,first50_reviewed_website_push,active_or_staged_candidate,
34,EMS2026-2-3-1-1-03,JOB-2-3-1-1-03,2.3.1.1,Dyspnea Anchoring Trap,first50_reviewed_website_push,active_or_staged_candidate,
35,EMS2026-4-4-4-05,JOB-4-4-4-05,4.4.4,Tactical Extraction Versus Routine Care,first50_reviewed_website_push,active_or_staged_candidate,
36,EMS2026-2-1-3-3-3-02,JOB-2-1-3-3-3-02,2.1.3.3.3,Pediatric IO Site With Tibial Fracture,paramedic_next_action_50,active_or_staged_candidate,
37,EMS2026-4-1-6-3-02,JOB-4-1-6-3-02,4.1.6.3,Crisis Standards Legal Boundary,first50_reviewed_website_push,active_or_staged_candidate,
38,EMS2026-2-3-11-7-03,JOB-2-3-11-7-03,2.3.11.7,Ambulance Decontamination PPE,first50_reviewed_website_push,active_or_staged_candidate,
39,EMS2026-1-4-4-1-04,JOB-1-4-4-1-04,1.4.4.1,Specialty Designation Authority,first50_reviewed_website_push,active_or_staged_candidate,
40,EMS2026-3-2-4-5-05,JOB-3-2-4-5-05,3.2.4.5,Cost-Minimization Analysis,first50_reviewed_website_push,active_or_staged_candidate,
41,EMS2026-1-3-4-1-1-07,JOB-1-3-4-1-1-07,1.3.4.1.1,Tuberculosis Exposure Program,first50_reviewed_website_push,active_or_staged_candidate,
42,EMS2026-2-1-4-03,JOB-2-1-4-03,2.1.4,Airway First In Altered Mental Status,paramedic_next_action_50,active_or_staged_candidate,
43,EMS2026-1-4-6-1-02,JOB-1-4-6-1-02,1.4.6.1,Alternative Destination Legal Check,first50_reviewed_website_push,active_or_staged_candidate,
44,EMS2026-2-1-2-2-8-01,JOB-2-1-2-2-8-01,2.1.2.2.8,Prehospital Surgical Airway Indication,first50_reviewed_website_push,active_or_staged_candidate,
45,EMS2026-4-6-2-3-01,JOB-4-6-2-3-01,4.6.2.3,Wilderness Joint Reduction Tradeoff,first50_reviewed_website_push,active_or_staged_candidate,
46,EMS2026-1-3-4-1-1-06,JOB-1-3-4-1-1-06,1.3.4.1.1,NFPA Department Physician Role,first50_reviewed_website_push,active_or_staged_candidate,
47,EMS2026-1-1-1-2-2-02,JOB-1-1-1-2-2-02,1.1.1.2.2,CQI Versus QA,first50_reviewed_website_push,active_or_staged_candidate,
48,EMS2026-2-2-1-2-03,JOB-2-2-1-2-03,2.2.1.2,Trauma Tension Pneumothorax Priority,paramedic_next_action_50,active_or_staged_candidate,
49,EMS2026-2-3-13-4-2-01,JOB-2-3-13-4-2-01,2.3.13.4.2,Decompression Sickness Mechanism,first50_reviewed_website_push,active_or_staged_candidate,
50,EMS2026-4-2-1-3-02,JOB-4-2-1-3-02,4.2.1.3,Event Treatment Facility Design,first50_reviewed_website_push,active_or_staged_candidate,
51,EMS2026-2-4-9-6-01,JOB-2-4-9-6-01,2.4.9.6,Housing Status Documentation,first50_reviewed_website_push,active_or_staged_candidate,
52,EMS2026-2-3-1-2-04,JOB-2-3-1-2-04,2.3.1.2,Sepsis Low End-Tidal Carbon Dioxide Response,first50_reviewed_website_push,active_or_staged_candidate,
53,EMS2026-2-3-7-2-2-03,JOB-2-3-7-2-2-03,2.3.7.2.2,High-Risk Delivery Resources,first50_reviewed_website_push,active_or_staged_candidate,
54,EMS2026-2-2-1-5-03,JOB-2-2-1-5-03,2.2.1.5,Junctional Hemorrhage Packing,paramedic_next_action_50,active_or_staged_candidate,
55,EMS2026-4-2-3-05,JOB-4-2-3-05,4.2.3,Mass Gathering Drill Participation,first50_reviewed_website_push,active_or_staged_candidate,
56,EMS2026-4-1-7-2-1-02,JOB-4-1-7-2-1-02,4.1.7.2.1,Treatment Sector Function,first50_reviewed_website_push,active_or_staged_candidate,
57,EMS2026-4-2-1-5-05,JOB-4-2-1-5-05,4.2.1.5,Mass Gathering Initial Resource Report,first50_reviewed_website_push,active_or_staged_candidate,
58,EMS2026-2-3-2-7-02,JOB-2-3-2-7-02,2.3.2.7,Wearable Defibrillator During CPR,first50_reviewed_website_push,active_or_staged_candidate,
59,EMS2026-4-1-7-2-1-04,JOB-4-1-7-2-1-04,4.1.7.2.1,Nontransporting ALS In Treatment Areas,first50_reviewed_website_push,active_or_staged_candidate,
60,EMS2026-2-2-6-02,JOB-2-2-6-02,2.2.6,Alkali Eye Burn Irrigation,paramedic_next_action_50,active_or_staged_candidate,
61,EMS2026-2-2-1-4-2-04,JOB-2-2-1-4-2-04,2.2.1.4.2,Spinal Restriction In Gunshot Wounds,legacy_locked_priority_superset_100,active_or_staged_candidate,
62,EMS2026-1-2-7-02,JOB-1-2-7-02,1.2.7,Emergency Medical Care System Scope,legacy_locked_priority_superset_100,active_or_staged_candidate,
63,EMS2026-2-3-8-3-05,JOB-2-3-8-3-05,2.3.8.3,Antidote Matching in Toxic Shock,legacy_locked_priority_superset_100,active_or_staged_candidate,
64,EMS2026-4-5-5-01,JOB-4-5-5-01,4.5.5,Equipment Staging Before Access,legacy_locked_priority_superset_100,active_or_staged_candidate,
65,EMS2026-4-5-1-1-04,JOB-4-5-1-1-04,4.5.1.1,High-Angle Rescue Equipment Planning,legacy_locked_priority_superset_100,active_or_staged_candidate,
66,EMS2026-2-2-8-2-03,JOB-2-2-8-2-03,2.2.8.2,Crush Release Preparation,paramedic_next_action_50,active_or_staged_candidate,
67,EMS2026-4-7-4-05,JOB-4-7-4-05,4.7.4,Mobile Integrated Health Medical Direction,legacy_locked_priority_superset_100,active_or_staged_candidate,
68,EMS2026-2-3-7-8-05,JOB-2-3-7-8-05,2.3.7.8,Resuscitative Hysterotomy,legacy_locked_priority_superset_100,active_or_staged_candidate,
69,EMS2026-2-1-2-2-4-04,JOB-2-1-2-2-4-04,2.1.2.2.4,Video Laryngoscopy For Team Performance,legacy_locked_priority_superset_100,active_or_staged_candidate,
70,EMS2026-3-2-1-2-05,JOB-3-2-1-2-05,3.2.1.2,Exempt Review in EMS Research,legacy_locked_priority_superset_100,active_or_staged_candidate,
71,EMS2026-2-4-13-03,JOB-2-4-13-03,2.4.13,Names and Pronouns in Prehospital Care,legacy_locked_priority_superset_100,active_or_staged_candidate,
72,EMS2026-2-3-1-2-02,JOB-2-3-1-2-02,2.3.1.2,Capnography Drop During Ventilation,paramedic_next_action_50,active_or_staged_candidate,
73,EMS2026-3-1-6-08,JOB-3-1-6-08,3.1.6,Equity Monitoring During Implementation,legacy_locked_priority_superset_100,active_or_staged_candidate,
74,EMS2026-2-2-8-1-04,JOB-2-2-8-1-04,2.2.8.1,Traumatic Amputation Stump Care,legacy_locked_priority_superset_100,active_or_staged_candidate,
75,EMS2026-1-1-1-2-2-01,JOB-1-1-1-2-2-01,1.1.1.2.2,QI Versus Discipline For A Process Defect,legacy_locked_priority_superset_100,active_or_staged_candidate,
76,EMS2026-1-5-1-12,JOB-1-5-1-12,1.5.1,Public Reporting Without Misleading,legacy_locked_priority_superset_100,active_or_staged_candidate,
77,EMS2026-2-3-1-6-1-05,JOB-2-3-1-6-1-05,2.3.1.6.1,Pneumothorax During Air Transport,legacy_locked_priority_superset_100,active_or_staged_candidate,
78,EMS2026-2-3-1-3-02,JOB-2-3-1-3-02,2.3.1.3,Ventilatory Support In COPD Exhaustion,paramedic_next_action_50,active_or_staged_candidate,
79,EMS2026-1-3-7-08,JOB-1-3-7-08,1.3.7,"Race, Ethnicity, And EMS Care Differences",legacy_locked_priority_superset_100,active_or_staged_candidate,
80,EMS2026-3-2-1-1-07,JOB-3-2-1-1-07,3.2.1.1,The Common Rule,legacy_locked_priority_superset_100,active_or_staged_candidate,
81,EMS2026-4-6-2-4-02,JOB-4-6-2-4-02,4.6.2.4,Hypothermia Handling Priority,legacy_locked_priority_superset_100,active_or_staged_candidate,
82,EMS2026-2-4-12-1-02,JOB-2-4-12-1-02,2.4.12.1,Lift Assist Refusal Risk,legacy_locked_priority_superset_100,active_or_staged_candidate,
83,EMS2026-1-3-6-08,JOB-1-3-6-08,1.3.6,Recruitment And Systemic Racism,legacy_locked_priority_superset_100,active_or_staged_candidate,
84,EMS2026-2-3-1-4-01,JOB-2-3-1-4-01,2.3.1.4,CPAP For Pulmonary Edema,paramedic_next_action_50,active_or_staged_candidate,
85,EMS2026-4-5-1-5-04,JOB-4-5-1-5-04,4.5.1.5,Medical Advice During Machinery Disentanglement,legacy_locked_priority_superset_100,active_or_staged_candidate,
86,EMS2026-2-2-1-1-04,JOB-2-2-1-1-04,2.2.1.1,Scene Time Versus Hemorrhage Control,legacy_locked_priority_superset_100,active_or_staged_candidate,
87,EMS2026-1-3-2-2-01,JOB-1-3-2-2-01,1.3.2.2,Hybrid Education For A Psychomotor Skill,legacy_locked_priority_superset_100,active_or_staged_candidate,
88,EMS2026-1-1-2-7-06,JOB-1-1-2-7-06,1.1.2.7,Risk Management Applied To Crashes,legacy_locked_priority_superset_100,active_or_staged_candidate,
89,EMS2026-1-3-4-1-1-02,JOB-1-3-4-1-1-02,1.3.4.1.1,Needlestick Exposure First Actions,legacy_locked_priority_superset_100,active_or_staged_candidate,
90,EMS2026-2-3-1-6-2-01,JOB-2-3-1-6-2-01,2.3.1.6.2,Recurrent Tension Pneumothorax,paramedic_next_action_50,active_or_staged_candidate,
91,EMS2026-4-6-2-4-04,JOB-4-6-2-4-04,4.6.2.4,Field Thawing of Frostbite,legacy_locked_priority_superset_100,active_or_staged_candidate,
92,EMS2026-4-1-4-2-05,JOB-4-1-4-2-05,4.1.4.2,Emergency Management Assistance Compact Licensure,legacy_locked_priority_superset_100,active_or_staged_candidate,
93,EMS2026-2-3-13-3-3-02,JOB-2-3-13-3-3-02,2.3.13.3.3,Mild Acute Mountain Sickness,legacy_locked_priority_superset_100,active_or_staged_candidate,
94,EMS2026-1-4-3-4-4-01,JOB-1-4-3-4-4-01,1.4.3.4.4,Health Privacy At A Public Scene,legacy_locked_priority_superset_100,active_or_staged_candidate,
95,EMS2026-2-3-13-4-4-01,JOB-2-3-13-4-4-01,2.3.13.4.4,Nitrogen Narcosis Mechanism,legacy_locked_priority_superset_100,active_or_staged_candidate,
96,EMS2026-2-3-2-6-2-02,JOB-2-3-2-6-2-02,2.3.2.6.2,LVAD Alarm Troubleshooting,paramedic_next_action_50,active_or_staged_candidate,
97,EMS2026-2-3-1-6-2-03,JOB-2-3-1-6-2-03,2.3.1.6.2,Finger Thoracostomy System Requirements,legacy_locked_priority_superset_100,active_or_staged_candidate,
98,EMS2026-1-2-4-2-01,JOB-1-2-4-2-01,1.2.4.2,National EMS Clinician Levels,legacy_locked_priority_superset_100,active_or_staged_candidate,
99,EMS2026-4-1-8-1-3-01,JOB-4-1-8-1-3-01,4.1.8.1.3,Decontamination Before Leaving the Exposure Site,legacy_locked_priority_superset_100,active_or_staged_candidate,
100,EMS2026-2-2-5-1-2-05,JOB-2-2-5-1-2-05,2.2.5.1.2,Reduction Deferred For Analgesia,legacy_locked_priority_superset_100,active_or_staged_candidate,
101,EMS2026-1-5-4-10,JOB-1-5-4-10,1.5.4,FirstNet And Voice Interoperability,legacy_locked_priority_superset_100,active_or_staged_candidate,
102,EMS2026-2-3-5-4-04,JOB-2-3-5-4-04,2.3.5.4,Insulin Pump Hypoglycemia,paramedic_next_action_50,active_or_staged_candidate,
103,EMS2026-4-3-1-07,JOB-4-3-1-07,4.3.1,Emergency Incident Rehabilitation Trigger,legacy_locked_priority_superset_100,active_or_staged_candidate,
104,EMS2026-2-3-12-3-1-04,JOB-2-3-12-3-1-04,2.3.12.3.1,De-Escalation By Room Setup,legacy_locked_priority_superset_100,active_or_staged_candidate,
105,EMS2026-2-3-13-3-1-03,JOB-2-3-13-3-1-03,2.3.13.3.1,Acute Mountain Sickness Recognition,legacy_locked_priority_superset_100,active_or_staged_candidate,
106,EMS2026-1-3-2-6-06,JOB-1-3-2-6-06,1.3.2.6,Remediation Matched To Defect Type,legacy_locked_priority_superset_100,active_or_staged_candidate,
107,EMS2026-2-4-5-6-04,JOB-2-4-5-6-04,2.4.5.6,Technology-Dependent Child Deterioration,legacy_locked_priority_superset_100,active_or_staged_candidate,
108,EMS2026-2-3-5-5-02,JOB-2-3-5-5-02,2.3.5.5,CGM Conflict With EMS Glucose,paramedic_next_action_50,active_or_staged_candidate,
109,EMS2026-4-1-7-3-3-01,JOB-4-1-7-3-3-01,4.1.7.3.3,Dynamic Triage Categories,legacy_locked_priority_superset_100,active_or_staged_candidate,
110,EMS2026-2-1-3-3-3-04,JOB-2-1-3-3-3-04,2.1.3.3.3,Intraosseous Medication Delivery,legacy_locked_priority_superset_100,active_or_staged_candidate,
111,EMS2026-2-3-13-5-1-01,JOB-2-3-13-5-1-01,2.3.13.5.1,Lightning Reverse Triage,legacy_locked_priority_superset_100,active_or_staged_candidate,
112,EMS2026-4-6-2-3-03,JOB-4-6-2-3-03,4.6.2.3,Wilderness Shoulder Reduction,legacy_locked_priority_superset_100,active_or_staged_candidate,
113,EMS2026-2-4-13-05,JOB-2-4-13-05,2.4.13,Clinically Relevant Gender-Affirming History,legacy_locked_priority_superset_100,active_or_staged_candidate,
114,EMS2026-2-3-6-1-2-02,JOB-2-3-6-1-2-02,2.3.6.1.2,Dialysis Fistula Hemorrhage,paramedic_next_action_50,active_or_staged_candidate,
115,EMS2026-4-2-1-5-01,JOB-4-2-1-5-01,4.2.1.5,Mass Gathering Escalation Risk,legacy_locked_priority_superset_100,active_or_staged_candidate,
116,EMS2026-2-1-2-2-3-01,JOB-2-1-2-2-3-01,2.1.2.2.3,Direct Laryngoscopy Blade Technique,legacy_locked_priority_superset_100,active_or_staged_candidate,
117,EMS2026-2-2-5-1-1-03,JOB-2-2-5-1-1-03,2.2.5.1.1,Improvised Splint Construction,legacy_locked_priority_superset_100,active_or_staged_candidate,
118,EMS2026-2-3-11-1-3-04,JOB-2-3-11-1-3-04,2.3.11.1.3,Measles Precautions,legacy_locked_priority_superset_100,active_or_staged_candidate,
119,EMS2026-1-4-4-2-04,JOB-1-4-4-2-04,1.4.4.2,Trauma Overtriage Tradeoff,legacy_locked_priority_superset_100,active_or_staged_candidate,
120,EMS2026-2-3-6-2-03,JOB-2-3-6-2-03,2.3.6.2,Hyperkalemia With ECG Changes,paramedic_next_action_50,active_or_staged_candidate,
121,EMS2026-4-1-3-3-02,JOB-4-1-3-3-02,4.1.3.3,EMS Branch Span Of Control,legacy_locked_priority_superset_100,active_or_staged_candidate,
122,EMS2026-2-3-8-6-05,JOB-2-3-8-6-05,2.3.8.6,Envenomation Destination Planning,legacy_locked_priority_superset_100,active_or_staged_candidate,
123,EMS2026-4-1-8-4-04,JOB-4-1-8-4-04,4.1.8.4,Radiological Contamination and Lifesaving Care,legacy_locked_priority_superset_100,active_or_staged_candidate,
124,EMS2026-4-7-3-05,JOB-4-7-3-05,4.7.3,Point-Of-Care Testing In Mobile Integrated Health,legacy_locked_priority_superset_100,active_or_staged_candidate,
125,EMS2026-3-2-1-2-07,JOB-3-2-1-2-07,3.2.1.2,IRB Review For Emergency Research,legacy_locked_priority_superset_100,active_or_staged_candidate,
126,EMS2026-2-3-7-1-2-02,JOB-2-3-7-1-2-02,2.3.7.1.2,Eclamptic Seizure Priorities,paramedic_next_action_50,active_or_staged_candidate,
127,EMS2026-1-2-7-11,JOB-1-2-7-11,1.2.7,Diversion Rule With Time-Critical Exceptions,legacy_locked_priority_superset_100,active_or_staged_candidate,
128,EMS2026-3-1-4-1-04,JOB-3-1-4-1-04,3.1.4.1,Utstein Cardiac Arrest Dataset,legacy_locked_priority_superset_100,active_or_staged_candidate,
129,EMS2026-3-1-2-1-08,JOB-3-1-2-1-08,3.1.2.1,Nonconveyance Oversight,legacy_locked_priority_superset_100,active_or_staged_candidate,
130,EMS2026-4-4-6-1-05,JOB-4-4-6-1-05,4.4.6.1,Tactical Medical Threat Assessment,legacy_locked_priority_superset_100,active_or_staged_candidate,
131,EMS2026-1-1-2-1-02,JOB-1-1-2-1-02,1.1.2.1,Public Duty Versus Special Duty,legacy_locked_priority_superset_100,active_or_staged_candidate,
132,EMS2026-2-3-7-1-4-02,JOB-2-3-7-1-4-02,2.3.7.1.4,Placenta Previa Exam Avoidance,paramedic_next_action_50,active_or_staged_candidate,
133,EMS2026-1-2-5-6-03,JOB-1-2-5-6-03,1.2.5.6,Interfacility Transport Responsibility,legacy_locked_priority_superset_100,active_or_staged_candidate,
134,EMS2026-4-5-1-2-03,JOB-4-5-1-2-03,4.5.1.2,Confined-Space Atmospheric Testing,legacy_locked_priority_superset_100,active_or_staged_candidate,
135,EMS2026-1-4-6-1-03,JOB-1-4-6-1-03,1.4.6.1,"Emergency Triage, Treat, And Transport Model",legacy_locked_priority_superset_100,active_or_staged_candidate,
136,EMS2026-1-1-2-4-2-03,JOB-1-1-2-4-2-03,1.1.2.4.2,Capacity Defect In A Refusal,legacy_locked_priority_superset_100,active_or_staged_candidate,
137,EMS2026-1-1-2-1-06,JOB-1-1-2-1-06,1.1.2.1,Capacity Versus Competence,legacy_locked_priority_superset_100,active_or_staged_candidate,
138,EMS2026-2-3-7-3-2-02,JOB-2-3-7-3-2-02,2.3.7.3.2,Shoulder Dystocia First Maneuver,paramedic_next_action_50,active_or_staged_candidate,
139,EMS2026-2-4-6-1-05,JOB-2-4-6-1-05,2.4.6.1,Geriatric Trauma Packaging,legacy_locked_priority_superset_100,active_or_staged_candidate,
140,EMS2026-2-3-2-1-3-02,JOB-2-3-2-1-3-02,2.3.2.1.3,STEMI Reperfusion Strategy At The Margin,legacy_locked_priority_superset_100,active_or_staged_candidate,
141,EMS2026-2-3-11-6-2-02,JOB-2-3-11-6-2-02,2.3.11.6.2,Meningococcal Exposure Follow-Up,legacy_locked_priority_superset_100,active_or_staged_candidate,
142,EMS2026-2-1-2-2-1-03,JOB-2-1-2-2-1-03,2.1.2.2.1,Continuous Tube Confirmation,legacy_locked_priority_superset_100,active_or_staged_candidate,
143,EMS2026-2-3-10-2-05,JOB-2-3-10-2-05,2.3.10.2,Septic Shock Perfusion Target,legacy_locked_priority_superset_100,active_or_staged_candidate,
144,EMS2026-2-3-7-3-6-02,JOB-2-3-7-3-6-02,2.3.7.3.6,Neonatal Positive-Pressure Ventilation,paramedic_next_action_50,active_or_staged_candidate,
145,EMS2026-2-3-2-2-2-01,JOB-2-3-2-2-2-01,2.3.2.2.2,Severe Cardiogenic Pulmonary Edema,legacy_locked_priority_superset_100,active_or_staged_candidate,
146,EMS2026-4-1-4-1-03,JOB-4-1-4-1-03,4.1.4.1,Stafford Act Disaster Declaration,legacy_locked_priority_superset_100,active_or_staged_candidate,
147,EMS2026-2-2-1-3-03,JOB-2-2-1-3-03,2.2.1.3,Unstable Pelvis Field Triage,legacy_locked_priority_superset_100,active_or_staged_candidate,
148,EMS2026-1-3-4-4-04,JOB-1-3-4-4-04,1.3.4.4,Immediate Stress Intervention,legacy_locked_priority_superset_100,active_or_staged_candidate,
149,EMS2026-2-2-1-5-05,JOB-2-2-1-5-05,2.2.1.5,Anticoagulants Without Losing Hemorrhage Priorities,legacy_locked_priority_superset_100,active_or_staged_candidate,
150,EMS2026-2-3-8-3-01,JOB-2-3-8-3-01,2.3.8.3,Ventilation Before Naloxone,paramedic_next_action_50,active_or_staged_candidate,
151,EMS2026-1-3-1-1-01,JOB-1-3-1-1-01,1.3.1.1,Scope of Practice Authority,legacy_locked_priority_superset_100,active_or_staged_candidate,
152,EMS2026-1-2-5-8-06,JOB-1-2-5-8-06,1.2.5.8,Burn Transport Airway Before Departure,legacy_locked_priority_superset_100,active_or_staged_candidate,
153,EMS2026-2-1-3-2-02,JOB-2-1-3-2-02,2.1.3.2,Anaphylactic Shock Without Rash,legacy_locked_priority_superset_100,active_or_staged_candidate,
154,EMS2026-2-4-9-1-05,JOB-2-4-9-1-05,2.4.9.1,Quarantine And Family Accompaniment,legacy_locked_priority_superset_100,active_or_staged_candidate,
155,EMS2026-2-3-10-2-01,JOB-2-3-10-2-01,2.3.10.2,Prehospital Antibiotics in Septic Shock,legacy_locked_priority_superset_100,active_or_staged_candidate,
156,EMS2026-2-3-8-2-5-03,JOB-2-3-8-2-5-03,2.3.8.2.5,Atropine Endpoint In Organophosphate Poisoning,paramedic_next_action_50,active_or_staged_candidate,
157,EMS2026-2-4-5-1-04,JOB-2-4-5-1-04,2.4.5.1,Pediatric Airway Program Threshold,legacy_locked_priority_superset_100,active_or_staged_candidate,
158,EMS2026-3-1-2-3-06,JOB-3-1-2-3-06,3.1.2.3,Why EMS Adverse Events Are Missed,legacy_locked_priority_superset_100,active_or_staged_candidate,
159,EMS2026-1-4-5-05,JOB-1-4-5-05,1.4.5,System Status Management Tradeoff,legacy_locked_priority_superset_100,active_or_staged_candidate,
160,EMS2026-2-3-7-2-2-02,JOB-2-3-7-2-2-02,2.3.7.2.2,Temporizing High-Risk Delivery,legacy_locked_priority_superset_100,active_or_staged_candidate,
161,EMS2026-1-5-3-05,JOB-1-5-3-05,1.5.3,Repeating Risk Messages,legacy_locked_priority_superset_100,active_or_staged_candidate,
162,EMS2026-2-3-8-5-1-02,JOB-2-3-8-5-1-02,2.3.8.5.1,Toxicologic Seizure Treatment,paramedic_next_action_50,active_or_staged_candidate,
163,EMS2026-2-3-1-3-01,JOB-2-3-1-3-01,2.3.1.3,Oxygen Targeting Instead Of Comfort Oxygen,legacy_locked_priority_superset_100,active_or_staged_candidate,
164,EMS2026-3-2-3-2-07,JOB-3-2-3-2-07,3.2.3.2,Sensitivity And Specificity,legacy_locked_priority_superset_100,active_or_staged_candidate,
165,EMS2026-1-5-3-08,JOB-1-5-3-08,1.5.3,Avoiding Overreassurance,legacy_locked_priority_superset_100,active_or_staged_candidate,
166,EMS2026-1-3-1-1-07,JOB-1-3-1-1-07,1.3.1.1,EMS Compact Authority,legacy_locked_priority_superset_100,active_or_staged_candidate,
167,EMS2026-2-3-6-2-01,JOB-2-3-6-2-01,2.3.6.2,Missed Dialysis With Wide-Complex Bradycardia,legacy_locked_priority_superset_100,active_or_staged_candidate,
168,EMS2026-2-3-10-1-03,JOB-2-3-10-1-03,2.3.10.1,Recognizing Prehospital Septic Shock,paramedic_next_action_50,active_or_staged_candidate,
169,EMS2026-1-4-6-2-03,JOB-1-4-6-2-03,1.4.6.2,MIH Treatment-in-Place Design,legacy_locked_priority_superset_100,active_or_staged_candidate,
170,EMS2026-1-5-1-09,JOB-1-5-1-09,1.5.1,Risk Communication Without Repeating Rumor,legacy_locked_priority_superset_100,active_or_staged_candidate,
171,EMS2026-2-1-3-4-01,JOB-2-1-3-4-01,2.1.3.4,Blood Product Program Readiness,legacy_locked_priority_superset_100,active_or_staged_candidate,
172,EMS2026-1-4-4-2-03,JOB-1-4-4-2-03,1.4.4.2,Field Activation As Simultaneous Processing,legacy_locked_priority_superset_100,active_or_staged_candidate,
173,EMS2026-4-4-6-1-02,JOB-4-4-6-1-02,4.4.6.1,Tactical Medical Threat Across Mission Phases,legacy_locked_priority_superset_100,active_or_staged_candidate,
174,EMS2026-2-3-10-2-03,JOB-2-3-10-2-03,2.3.10.2,Oxygenation In Septic Shock,paramedic_next_action_50,active_or_staged_candidate,
175,EMS2026-3-2-4-3-02,JOB-3-2-4-3-02,3.2.4.3,Outcome Measure That Matters,legacy_locked_priority_superset_100,active_or_staged_candidate,
176,EMS2026-4-1-4-2-06,JOB-4-1-4-2-06,4.1.4.2,Mutual Aid and Self-Deployment,legacy_locked_priority_superset_100,active_or_staged_candidate,
177,EMS2026-1-3-4-3-03,JOB-1-3-4-3-03,1.3.4.3,Sleepiness Scale Interpretation,legacy_locked_priority_superset_100,active_or_staged_candidate,
178,EMS2026-3-2-3-1-08,JOB-3-2-3-1-08,3.2.3.1,Confidence Interval Interpretation,legacy_locked_priority_superset_100,active_or_staged_candidate,
179,EMS2026-2-1-3-3-3-05,JOB-2-1-3-3-3-05,2.1.3.3.3,Intraosseous Infusion Flow,legacy_locked_priority_superset_100,active_or_staged_candidate,
180,EMS2026-2-3-11-1-3-02,JOB-2-3-11-1-3-02,2.3.11.1.3,Tuberculosis Airborne Precautions,paramedic_next_action_50,active_or_staged_candidate,
181,EMS2026-2-1-1-2-06,JOB-2-1-1-2-06,2.1.1.2,Refractory Arrest Transport Capability,second50_qi_review,active_or_staged_candidate,
182,EMS2026-2-3-13-2-1-02,JOB-2-3-13-2-1-02,2.3.13.2.1,Heat Exhaustion Versus Heat Stroke,second50_qi_review,active_or_staged_candidate,
183,EMS2026-2-1-1-4-04,JOB-2-1-1-4-04,2.1.1.4,TOR Family Acceptability,second50_qi_review,active_or_staged_candidate,
184,EMS2026-2-1-1-6-03,JOB-2-1-1-6-03,2.1.1.6,POLST As Actionable Orders,second50_qi_review,active_or_staged_candidate,
185,EMS2026-2-3-1-2-05,JOB-2-3-1-2-05,2.3.1.2,Capnography For Ventilation Monitoring,second50_qi_review,active_or_staged_candidate,
186,EMS2026-2-3-11-5-4-4-01,JOB-2-3-11-5-4-4-01,2.3.11.5.4.4,Early Infectious-Disease Notification,paramedic_next_action_50,active_or_staged_candidate,
187,EMS2026-2-3-2-6-1-03,JOB-2-3-2-6-1-03,2.3.2.6.1,IABP Transport Precheck,second50_qi_review,active_or_staged_candidate,
188,EMS2026-1-1-1-2-3-06,JOB-1-1-1-2-3-06,1.1.1.2.3,Provider-Initiated Nontransport Oversight,second50_qi_review,active_or_staged_candidate,
189,EMS2026-2-3-7-3-4-02,JOB-2-3-7-3-4-02,2.3.7.3.4,Uterine Atony Recognition,second50_qi_review,active_or_staged_candidate,
190,EMS2026-4-7-6-2-06,JOB-4-7-6-2-06,4.7.6.2,In-Home MIH With Transport Backup,second50_qi_review,active_or_staged_candidate,
191,EMS2026-1-4-4-1-03,JOB-1-4-4-1-03,1.4.4.1,Certified Stroke Center With Operational Lapses,second50_qi_review,active_or_staged_candidate,
192,EMS2026-2-3-12-1-1-02,JOB-2-3-12-1-1-02,2.3.12.1.1,Direct Suicide Risk Questions,paramedic_next_action_50,active_or_staged_candidate,
193,EMS2026-2-2-3-1-01,JOB-2-2-3-1-01,2.2.3.1,Spinal Motion Restriction Indication,second50_qi_review,active_or_staged_candidate,
194,EMS2026-2-3-11-6-2-01,JOB-2-3-11-6-2-01,2.3.11.6.2,Ryan White Infection Control Structure,second50_qi_review,active_or_staged_candidate,
195,EMS2026-1-5-1-10,JOB-1-5-1-10,1.5.1,Patient Condition Language,second50_qi_review,active_or_staged_candidate,
196,EMS2026-2-3-13-3-1-04,JOB-2-3-13-3-1-04,2.3.13.3.1,High-Altitude Cerebral Edema Temporizing Medication,second50_qi_review,active_or_staged_candidate,
197,EMS2026-1-3-7-04,JOB-1-3-7-04,1.3.7,Workforce Equity Intervention Package,second50_qi_review,active_or_staged_candidate,
198,EMS2026-2-3-12-1-3-02,JOB-2-3-12-1-3-02,2.3.12.1.3,Panic Mimic Assessment,paramedic_next_action_50,active_or_staged_candidate,
199,EMS2026-4-6-2-2-04,JOB-4-6-2-2-04,4.6.2.2,Impaled Object During Wilderness Evacuation,second50_qi_review,active_or_staged_candidate,
200,EMS2026-4-4-5-2-03,JOB-4-4-5-2-03,4.4.5.2,Airway Care Without Light,second50_qi_review,active_or_staged_candidate,
201,EMS2026-1-1-1-2-3-01,JOB-1-1-1-2-3-01,1.1.1.2.3,Ambulance Medical Necessity,second50_qi_review,active_or_staged_candidate,
202,EMS2026-1-2-2-4-04,JOB-1-2-2-4-04,1.2.2.4,EMAC Mutual Aid Function,second50_qi_review,active_or_staged_candidate,
203,EMS2026-1-3-6-10,JOB-1-3-6-10,1.3.6,Retention Beyond Pay,second50_qi_review,active_or_staged_candidate,
204,EMS2026-2-3-12-2-03,JOB-2-3-12-2-03,2.3.12.2,Weapon Risk In Suicidal Patient,paramedic_next_action_50,active_or_staged_candidate,
205,EMS2026-1-2-5-4-05,JOB-1-2-5-4-05,1.2.5.4,Wilderness Protocol Difference,second50_qi_review,active_or_staged_candidate,
206,EMS2026-1-1-1-1-1-07,JOB-1-1-1-1-1-07,1.1.1.1.1,Physician Field Care Feedback Loop,second50_qi_review,active_or_staged_candidate,
207,EMS2026-2-1-2-2-6-01,JOB-2-1-2-2-6-01,2.1.2.2.6,Supraglottic Airway System Role,second50_qi_review,active_or_staged_candidate,
208,EMS2026-2-2-5-1-3-04,JOB-2-2-5-1-3-04,2.2.5.1.3,Femoral Shaft Fracture Splint Choice,second50_qi_review,active_or_staged_candidate,
209,EMS2026-2-3-11-6-1-05,JOB-2-3-11-6-1-05,2.3.11.6.1,Tuberculosis Postexposure Testing Window,second50_qi_review,active_or_staged_candidate,
210,EMS2026-2-3-12-3-4-02,JOB-2-3-12-3-4-02,2.3.12.3.4,Agitated Delirium As Medical Emergency,paramedic_next_action_50,active_or_staged_candidate,
211,EMS2026-4-1-5-5-02,JOB-4-1-5-5-02,4.1.5.5,Strategic Caches And Stockpiles,second50_qi_review,active_or_staged_candidate,
212,EMS2026-4-1-7-1-01,JOB-4-1-7-1-01,4.1.7.1,When MCI Triage Is Needed,second50_qi_review,active_or_staged_candidate,
213,EMS2026-1-1-2-3-03,JOB-1-1-2-3-03,1.1.2.3,NAEMSP TOR Protocol Support,second50_qi_review,active_or_staged_candidate,
214,EMS2026-2-1-1-2-02,JOB-2-1-1-2-02,2.1.1.2,Exceptional CPR Transport,second50_qi_review,active_or_staged_candidate,
215,EMS2026-1-5-2-10,JOB-1-5-2-10,1.5.2,Special Event Communications Matrix,second50_qi_review,active_or_staged_candidate,
216,EMS2026-2-3-13-1-1-02,JOB-2-3-13-1-1-02,2.3.13.1.1,Urban Hypothermia Assessment,paramedic_next_action_50,active_or_staged_candidate,
217,EMS2026-2-2-5-1-3-05,JOB-2-2-5-1-3-05,2.2.5.1.3,Femoral Fracture Protocol Update,second50_qi_review,active_or_staged_candidate,
218,EMS2026-4-7-2-06,JOB-4-7-2-06,4.7.2,MIH Heart-Failure Education Need,second50_qi_review,active_or_staged_candidate,
219,EMS2026-1-5-4-04,JOB-1-5-4-04,1.5.4,PSAP Quality Beyond Answer Time,second50_qi_review,active_or_staged_candidate,
220,EMS2026-2-1-2-1-3-04,JOB-2-1-2-1-3-04,2.1.2.1.3,BVM Complication And Cricoid Pressure,second50_qi_review,active_or_staged_candidate,
221,EMS2026-4-7-5-03,JOB-4-7-5-03,4.7.5,MIH Competency Evaluation,second50_qi_review,active_or_staged_candidate,
222,EMS2026-2-3-13-1-3-02,JOB-2-3-13-1-3-02,2.3.13.1.3,Gentle Handling In Moderate Hypothermia,paramedic_next_action_50,active_or_staged_candidate,
223,EMS2026-2-3-8-4-05,JOB-2-3-8-4-05,2.3.8.4,Caustic Ingestion Oral Exam Trap,second50_qi_review,active_or_staged_candidate,
224,EMS2026-1-1-1-2-1-06,JOB-1-1-1-2-1-06,1.1.1.2.1,Protocol Rollout Quality Loop,second50_qi_review,active_or_staged_candidate,
225,EMS2026-3-2-1-5-03,JOB-3-2-1-5-03,3.2.1.5,EFIC Eligibility Boundary,second50_qi_review,active_or_staged_candidate,
226,EMS2026-1-1-2-3-06,JOB-1-1-2-3-06,1.1.2.3,POLST Across Settings,second50_qi_review,active_or_staged_candidate,
227,EMS2026-2-3-2-2-1-02,JOB-2-3-2-2-1-02,2.3.2.2.1,Volume-Overload Heart Failure Pattern,second50_qi_review,active_or_staged_candidate,
228,EMS2026-2-3-13-2-1-03,JOB-2-3-13-2-1-03,2.3.13.2.1,Cool First In Exertional Heat Stroke,paramedic_next_action_50,active_or_staged_candidate,
229,EMS2026-1-1-2-2-09,JOB-1-1-2-2-09,1.1.2.2,Human Trafficking Training Package,second50_qi_review,active_or_staged_candidate,
230,EMS2026-2-3-7-6-01,JOB-2-3-7-6-01,2.3.7.6,Pregnant Trauma Monitoring Destination,second50_qi_review,active_or_staged_candidate,
231,EMS2026-2-2-1-6-01,JOB-2-2-1-6-01,2.2.1.6,Open Pneumothorax Dressing Choice,second50_qi_review,active_or_staged_candidate,
232,EMS2026-3-2-2-08,JOB-3-2-2-08,3.2.2,Cohort Study Direction,second50_qi_review,active_or_staged_candidate,
233,EMS2026-4-1-1-1-03,JOB-4-1-1-1-03,4.1.1.1,ESF 8 Scope,second50_qi_review,active_or_staged_candidate,
234,EMS2026-2-3-13-4-1-03,JOB-2-3-13-4-1-03,2.3.13.4.1,Ventilation Priority In Drowning Arrest,paramedic_next_action_50,active_or_staged_candidate,
235,EMS2026-3-2-4-4-02,JOB-3-2-4-4-02,3.2.4.4,CONSORT For Randomized Trials,second50_qi_review,active_or_staged_candidate,
236,EMS2026-4-7-4-02,JOB-4-7-4-02,4.7.4,MIH Regulation Without Stifling Innovation,second50_qi_review,active_or_staged_candidate,
237,EMS2026-1-2-5-12-01,JOB-1-2-5-12-01,1.2.5.12,In-Flight Chest Pain Coordination,second50_qi_review,active_or_staged_candidate,
238,EMS2026-1-1-1-3-05,JOB-1-1-1-3-05,1.1.1.3,Low-Frequency High-Risk Skill Maintenance,second50_qi_review,active_or_staged_candidate,
239,EMS2026-1-1-1-3-04,JOB-1-1-1-3-04,1.1.1.3,Competency Review Interval,second50_qi_review,active_or_staged_candidate,
240,EMS2026-2-4-5-1-03,JOB-2-4-5-1-03,2.4.5.1,Croup Treatment Without Agitation,paramedic_next_action_50,active_or_staged_candidate,
241,EMS2026-4-1-7-2-2-04,JOB-4-1-7-2-2-04,4.1.7.2.2,Early Redundant Tracking For Family Reunification,uncovered50_v3_source_hardened,active_or_staged_candidate,
242,EMS2026-1-2-4-1-05,JOB-1-2-4-1-05,1.2.4.1,Vehicle Capability Versus Ambulance Count,uncovered50_v3_source_hardened,active_or_staged_candidate,
243,EMS2026-3-1-2-4-05,JOB-3-1-2-4-05,3.1.2.4,Just Culture Versus Disciplinary Contamination,uncovered50_v3_source_hardened,active_or_staged_candidate,
244,EMS2026-4-1-6-4-04,JOB-4-1-6-4-04,4.1.6.4,Regional Resource Request Spillover,uncovered50_v3_source_hardened,active_or_staged_candidate,
245,EMS2026-1-4-4-4-04,JOB-1-4-4-4-04,1.4.4.4,Diversion Policy With Regional Harm Signal,uncovered50_v3_source_hardened,active_or_staged_candidate,
246,EMS2026-2-4-5-4-03,JOB-2-4-5-4-03,2.4.5.4,Concerning Pediatric Refusal,paramedic_next_action_50,active_or_staged_candidate,
247,EMS2026-1-1-1-1-2-05,JOB-1-1-1-1-2-05,1.1.1.1.2,Online Orders Within A Written Exception Pathway,uncovered50_v3_source_hardened,active_or_staged_candidate,
248,EMS2026-2-3-11-5-2-02,JOB-2-3-11-5-2-02,2.3.11.5.2,Task-Based Personal Protective Equipment,uncovered50_v3_source_hardened,active_or_staged_candidate,
249,EMS2026-3-1-3-1-2-05,JOB-3-1-3-1-2-05,3.1.3.1.2,Control Chart Versus Run Chart After Intervention,uncovered50_v3_source_hardened,active_or_staged_candidate,
250,EMS2026-1-2-2-3-05,JOB-1-2-2-3-05,1.2.2.3,Determinants That Matter Only If Response Changes,uncovered50_v3_source_hardened,active_or_staged_candidate,
251,EMS2026-4-1-2-1-05,JOB-4-1-2-1-05,4.1.2.1,NIMS Component Behind The Information Failure,uncovered50_v3_source_hardened,active_or_staged_candidate,
252,EMS2026-2-4-5-7-03,JOB-2-4-5-7-03,2.4.5.7,Safe Pediatric Ambulance Restraint,paramedic_next_action_50,active_or_staged_candidate,
253,EMS2026-2-2-2-1-05,JOB-2-2-2-1-05,2.2.2.1,Finger Thoracostomy Program Boundaries,uncovered50_v3_source_hardened,active_or_staged_candidate,
254,EMS2026-2-3-12-1-2-04,JOB-2-3-12-1-2-04,2.3.12.1.2,Psychosis De-Escalation With Safety Boundary,uncovered50_v3_source_hardened,active_or_staged_candidate,
255,EMS2026-2-3-5-4-01,JOB-2-3-5-4-01,2.3.5.4,Insulin Pump And Route-Specific Hypoglycemia Care,uncovered50_v3_source_hardened,active_or_staged_candidate,
256,EMS2026-2-2-3-2-04,JOB-2-2-3-2-04,2.2.3.2,Active Extrication Boundary For Spinal Motion Devices,uncovered50_v3_source_hardened,active_or_staged_candidate,
257,EMS2026-1-1-2-6-05,JOB-1-1-2-6-05,1.1.2.6,Due Process Thresholds After Practice Restriction,uncovered50_v3_source_hardened,active_or_staged_candidate,
258,EMS2026-2-4-6-1-03,JOB-2-4-6-1-03,2.4.6.1,Geriatric Head Injury Undertriage,paramedic_next_action_50,active_or_staged_candidate,
259,EMS2026-1-1-1-1-3-04,JOB-1-1-1-1-3-04,1.1.1.1.3,Physician Field Supervision Without Role Confusion,uncovered50_v3_source_hardened,active_or_staged_candidate,
260,EMS2026-4-1-6-1-04,JOB-4-1-6-1-04,4.1.6.1,Likelihood Of Benefit In Scarce Antidote Allocation,uncovered50_v3_source_hardened,active_or_staged_candidate,
261,EMS2026-2-1-2-6-02,JOB-2-1-2-6-02,2.1.2.6,Controlled Pressure For Post-Tonsillectomy Bleeding,uncovered50_v3_source_hardened,active_or_staged_candidate,
262,EMS2026-4-1-5-3-04,JOB-4-1-5-3-04,4.1.5.3,NGO Mass-Care Role Versus Medical Assets,uncovered50_v3_source_hardened,active_or_staged_candidate,
263,EMS2026-2-3-7-1-5-01,JOB-2-3-7-1-5-01,2.3.7.1.5,First-Trimester Bleeding With Shock,uncovered50_v3_source_hardened,active_or_staged_candidate,
264,EMS2026-2-4-6-3-04,JOB-2-4-6-3-04,2.4.6.3,Acute Delirium In Dementia,paramedic_next_action_50,active_or_staged_candidate,
265,EMS2026-3-1-3-1-1-05,JOB-3-1-3-1-1-05,3.1.3.1.1,Driver Diagram Parts After Fishbone Work,uncovered50_v3_source_hardened,active_or_staged_candidate,
266,EMS2026-1-4-7-07,JOB-1-4-7-07,1.4.7,Choosing The MIH Model For Senior Housing,uncovered50_v3_source_hardened,active_or_staged_candidate,
267,EMS2026-1-1-1-4-07,JOB-1-1-1-4-07,1.1.1.4,Medical Director Role Boundary And Authority,uncovered50_v3_source_hardened,active_or_staged_candidate,
268,EMS2026-2-1-2-5-03,JOB-2-1-2-5-03,2.1.2.5,Ventilating A Tracheostomy Patient From Above,uncovered50_v3_source_hardened,active_or_staged_candidate,
269,EMS2026-1-1-1-1-4-04,JOB-1-1-1-1-4-04,1.1.1.1.4,Telemedicine For A High-Risk Refusal,uncovered50_v3_source_hardened,active_or_staged_candidate,
270,EMS2026-2-4-7-2-02,JOB-2-4-7-2-02,2.4.7.2,Bariatric Respiratory Positioning,paramedic_next_action_50,active_or_staged_candidate,
271,EMS2026-2-2-1-4-1-03,JOB-2-2-1-4-1-03,2.2.1.4.1,Motorcycle Mechanism At The Triage Margin,uncovered50_v3_source_hardened,active_or_staged_candidate,
272,EMS2026-2-1-2-2-5-04,JOB-2-1-2-2-5-04,2.1.2.2.5,Sedation-Only Intubation Proposal,uncovered50_v3_source_hardened,active_or_staged_candidate,
273,EMS2026-1-2-1-07,JOB-1-2-1-07,1.2.1,All-Caller Interrogation Before Chief-Complaint Script,uncovered50_v3_source_hardened,active_or_staged_candidate,
274,EMS2026-3-1-4-3-05,JOB-3-1-4-3-05,3.1.4.3,Outcome Linkage Versus Event Metrics,uncovered50_v3_source_hardened,active_or_staged_candidate,
275,EMS2026-1-2-3-07,JOB-1-2-3-07,1.2.3,Lights-And-Siren Reassessment With Wake-Effect Risk,uncovered50_v3_source_hardened,active_or_staged_candidate,
276,EMS2026-2-4-8-1-03,JOB-2-4-8-1-03,2.4.8.1,Hospice Dyspnea Goals Of Care,paramedic_next_action_50,active_or_staged_candidate,
277,EMS2026-2-1-1-3-04,JOB-2-1-1-3-04,2.1.1.3,Post-ROSC Cold Saline Trap,uncovered50_v3_source_hardened,active_or_staged_candidate,
278,EMS2026-1-2-2-2-05,JOB-1-2-2-2-05,1.2.2.2,"Same Dispatch Code, Different Local Response",uncovered50_v3_source_hardened,active_or_staged_candidate,
279,EMS2026-1-1-2-4-1-05,JOB-1-1-2-4-1-05,1.1.2.4.1,Meaningful Online Oversight For Refusal,uncovered50_v3_source_hardened,active_or_staged_candidate,
280,EMS2026-2-1-2-1-2-04,JOB-2-1-2-1-2-04,2.1.2.1.2,Oxygen Saturation Is Not Ventilation,uncovered50_v3_source_hardened,active_or_staged_candidate,
281,EMS2026-2-1-2-2-2-04,JOB-2-1-2-2-2-04,2.1.2.2.2,Airway Quality Measures Beyond Success,uncovered50_v3_source_hardened,active_or_staged_candidate,
282,EMS2026-2-4-9-2-02,JOB-2-4-9-2-02,2.4.9.2,Caregiver Input For Home Ventilator Alarm,paramedic_next_action_50,active_or_staged_candidate,
283,EMS2026-1-2-2-1-05,JOB-1-2-2-1-05,1.2.2.1,Agonal Breathing As A Dispatch Failure Mode,uncovered50_v3_source_hardened,active_or_staged_candidate,
284,EMS2026-2-4-4-1-06,JOB-2-4-4-1-06,2.4.4.1,Fixed-Wing Motion And Fracture Pain,uncovered50_v3_source_hardened,active_or_staged_candidate,
285,EMS2026-4-1-5-2-04,JOB-4-1-5-2-04,4.1.5.2,Title 32 Civil Support Team Command Status,uncovered50_v3_source_hardened,active_or_staged_candidate,
286,EMS2026-4-1-7-3-1-04,JOB-4-1-7-3-1-04,4.1.7.3.1,Nontraditional Transport For Walking Wounded,uncovered50_v3_source_hardened,active_or_staged_candidate,
287,EMS2026-2-3-4-1-07,JOB-2-3-4-1-07,2.3.4.1,Antithrombotic Detail In Bleeding Handoff,uncovered50_v3_source_hardened,active_or_staged_candidate,
288,EMS2026-2-4-9-3-02,JOB-2-4-9-3-02,2.4.9.3,Bystander History During Ongoing Care,paramedic_next_action_50,active_or_staged_candidate,
289,EMS2026-2-3-4-2-02,JOB-2-3-4-2-02,2.3.4.2,Jejunal Feeding Port Implication,uncovered50_v3_source_hardened,active_or_staged_candidate,
290,EMS2026-2-1-1-1-04,JOB-2-1-1-1-04,2.1.1.1,Compression Pauses On Defibrillator Review,uncovered50_v3_source_hardened,active_or_staged_candidate,
291,EMS2026-3-1-4-2-05,JOB-3-1-4-2-05,3.1.4.2,ePCR Architecture And Workflow Burden,uncovered50_v3_source_hardened,active_or_staged_candidate,
292,EMS2026-2-1-2-3-04,JOB-2-1-2-3-04,2.1.2.3,Low-Light Airway Failure As Readiness Failure,uncovered50_v3_source_hardened,active_or_staged_candidate,
293,EMS2026-4-1-5-1-04,JOB-4-1-5-1-04,4.1.5.1,NDMS Patient Movement Through A Federal Coordinating Center,uncovered50_v3_source_hardened,active_or_staged_candidate,
294,EMS2026-2-3-9-5-02,JOB-2-3-9-5-02,2.3.9.5,Blast Scene Secondary-Device Safety,paramedic_next_action_50,active_or_staged_candidate,
295,EMS2026-1-4-3-1-05,JOB-1-4-3-1-05,1.4.3.1,BLS Oversight When State Authority Is Silent,uncovered50_v3_source_hardened,active_or_staged_candidate,
296,EMS2026-4-1-6-5-04,JOB-4-1-6-5-04,4.1.6.5,Alternate Care Facility Authority And Credentialing,uncovered50_v3_source_hardened,active_or_staged_candidate,
297,EMS2026-4-1-5-4-04,JOB-4-1-5-4-04,4.1.5.4,MRC Integration Versus Walk-In Volunteers,uncovered50_v3_source_hardened,active_or_staged_candidate,
298,EMS2026-2-1-1-5-04,JOB-2-1-1-5-04,2.1.1.5,Mechanical CPR At A Staffed Arrest,uncovered50_v3_source_hardened,active_or_staged_candidate,
299,EMS2026-2-1-2-2-7-04,JOB-2-1-2-2-7-04,2.1.2.2.7,Maintaining Nasotracheal Intubation In Scope,uncovered50_v3_source_hardened,active_or_staged_candidate,
300,EMS2026-2-3-11-3-4-02,JOB-2-3-11-3-4-02,2.3.11.3.4,Suspected MPox Source Control,paramedic_next_action_50,active_or_staged_candidate,
301,EMS2026-1-2-4-4-02,JOB-1-2-4-4-02,1.2.4.4,Monitor Procurement Lifecycle Assessment,primary_doctrine_uncovered100,active_or_staged_candidate,
302,EMS2026-1-3-2-3-02,JOB-1-3-2-3-02,1.3.2.3,National EMS Core Content Versus Related National Documents,primary_doctrine_uncovered100,active_or_staged_candidate,
303,EMS2026-4-4-6-4-01,JOB-4-4-6-4-01,4.4.6.4,Nerve-Agent Care Under Fire,primary_doctrine_uncovered100,active_or_staged_candidate,
304,EMS2026-2-3-13-1-2-01,JOB-2-3-13-1-2-01,2.3.13.1.2,Trench Foot Versus Frostbite,primary_doctrine_uncovered100,active_or_staged_candidate,
305,EMS2026-2-3-11-3-3-01,JOB-2-3-11-3-3-01,2.3.11.3.3,Pneumonic Plague Recognition,primary_doctrine_uncovered100,active_or_staged_candidate,
306,EMS2026-3-2-1-4-1-01,JOB-3-2-1-4-1-01,3.2.1.4.1,Exception From Informed Consent Community Consultation Timing,primary_doctrine_uncovered100,active_or_staged_candidate,
307,EMS2026-2-3-11-3-4-01,JOB-2-3-11-3-4-01,2.3.11.3.4,Mpox Lesion Suspicion,primary_doctrine_uncovered100,active_or_staged_candidate,
308,EMS2026-1-2-5-9-2-02,JOB-1-2-5-9-2-02,1.2.5.9.2,Fixed-Wing Interfacility Evacuation,primary_doctrine_uncovered100,active_or_staged_candidate,
309,EMS2026-4-1-8-3-01,JOB-4-1-8-3-01,4.1.8.3,Delayed Cluster After Event,primary_doctrine_uncovered100,active_or_staged_candidate,
310,EMS2026-4-5-7-02,JOB-4-5-7-02,4.5.7,US&R Medical Team Manager Responsibilities,primary_doctrine_uncovered100,active_or_staged_candidate,
311,EMS2026-2-1-1-6-01,JOB-2-1-1-6-01,2.1.1.6,Withholding Resuscitation With Two Independent Grounds,primary_doctrine_uncovered100,active_or_staged_candidate,
312,EMS2026-4-1-6-1-05,JOB-4-1-6-1-05,4.1.6.1,Resource Allocation Across Jurisdictions,primary_doctrine_uncovered100,active_or_staged_candidate,
313,EMS2026-2-4-7-1-01,JOB-2-4-7-1-01,2.4.7.1,Bariatric Blood Pressure Miscuffing,primary_doctrine_uncovered100,active_or_staged_candidate,
314,EMS2026-2-1-2-2-3-05,JOB-2-1-2-2-3-05,2.1.2.2.3,Airway Dashboard Attempt Definitions,primary_doctrine_uncovered100,active_or_staged_candidate,
315,EMS2026-2-1-2-1-2-03,JOB-2-1-2-1-2-03,2.1.2.1.2,Airway Adjunct During Bag-Mask Ventilation,primary_doctrine_uncovered100,active_or_staged_candidate,
316,EMS2026-2-2-7-2-02,JOB-2-2-7-2-02,2.2.7.2,Concussion Symptom Pattern,primary_doctrine_uncovered100,active_or_staged_candidate,
317,EMS2026-1-2-5-7-02,JOB-1-2-5-7-02,1.2.5.7,Military Medic Transition To Civilian EMS,primary_doctrine_uncovered100,active_or_staged_candidate,
318,EMS2026-4-6-2-1-03,JOB-4-6-2-1-03,4.6.2.1,Longer Wilderness Resuscitation Exceptions,primary_doctrine_uncovered100,active_or_staged_candidate,
319,EMS2026-2-4-4-1-04,JOB-2-4-4-1-04,2.4.4.1,Air Transport Cuff Pressure,primary_doctrine_uncovered100,active_or_staged_candidate,
320,EMS2026-1-2-5-11-02,JOB-1-2-5-11-02,1.2.5.11,Physician-Staffed International EMS Model,primary_doctrine_uncovered100,active_or_staged_candidate,
321,EMS2026-4-1-3-1-02,JOB-4-1-3-1-02,4.1.3.1,Incident Command Logistics Section,primary_doctrine_uncovered100,active_or_staged_candidate,
322,EMS2026-2-3-11-2-02,JOB-2-3-11-2-02,2.3.11.2,MDRO Transport Precaution Category,primary_doctrine_uncovered100,active_or_staged_candidate,
323,EMS2026-2-3-7-1-4-01,JOB-2-3-7-1-4-01,2.3.7.1.4,Placenta Previa Versus Abruption,primary_doctrine_uncovered100,active_or_staged_candidate,
324,EMS2026-2-4-9-6-04,JOB-2-4-9-6-04,2.4.9.6,Housing Instability Program Metrics,primary_doctrine_uncovered100,active_or_staged_candidate,
325,EMS2026-3-1-5-1-02,JOB-3-1-5-1-02,3.1.5.1,Reproducible Systematic Review,primary_doctrine_uncovered100,active_or_staged_candidate,
326,EMS2026-2-1-1-5-02,JOB-2-1-1-5-02,2.1.1.5,Mechanical CPR Deployment Decision,primary_doctrine_uncovered100,active_or_staged_candidate,
327,EMS2026-2-4-7-1-03,JOB-2-4-7-1-03,2.4.7.1,Bariatric-Specific Access Equipment Sizing,primary_doctrine_uncovered100,active_or_staged_candidate,
328,EMS2026-4-1-8-6-3-04,JOB-4-1-8-6-3-04,4.1.8.6.3,USAR Hazard Control Plus Crush Risk,primary_doctrine_uncovered100,active_or_staged_candidate,
329,EMS2026-3-2-4-2-02,JOB-3-2-4-2-02,3.2.4.2,Case Series Causal Inference,primary_doctrine_uncovered100,active_or_staged_candidate,
330,EMS2026-1-3-2-3-06,JOB-1-3-2-3-06,1.3.2.3,Medical Director Education Approval Standard,primary_doctrine_uncovered100,active_or_staged_candidate,
331,EMS2026-2-3-2-6-2-03,JOB-2-3-2-6-2-03,2.3.2.6.2,Low-Flow Ventricular Assist Device Alarm,primary_doctrine_uncovered100,active_or_staged_candidate,
332,EMS2026-1-2-5-9-1-02,JOB-1-2-5-9-1-02,1.2.5.9.1,Rotor-Wing Transport Utilization Decision,primary_doctrine_uncovered100,active_or_staged_candidate,
333,EMS2026-4-1-6-2-02,JOB-4-1-6-2-02,4.1.6.2,NIMS Credentialing Deployment Authorization,primary_doctrine_uncovered100,active_or_staged_candidate,
334,EMS2026-2-3-11-1-2-01,JOB-2-3-11-1-2-01,2.3.11.1.2,Droplet Precaution Boundary,primary_doctrine_uncovered100,active_or_staged_candidate,
335,EMS2026-2-2-4-1-02,JOB-2-2-4-1-02,2.2.4.1,Burn Eschar Monitoring,primary_doctrine_uncovered100,active_or_staged_candidate,
336,EMS2026-2-3-8-2-2-04,JOB-2-3-8-2-2-04,2.3.8.2.2,Cyanide Gas Decontamination,primary_doctrine_uncovered100,active_or_staged_candidate,
337,EMS2026-1-2-4-3-06,JOB-1-2-4-3-06,1.2.4.3,Public Utility Model Distinguishing Feature,primary_doctrine_uncovered100,active_or_staged_candidate,
338,EMS2026-3-2-3-1-02,JOB-3-2-3-1-02,3.2.3.1,Alternative Hypothesis,primary_doctrine_uncovered100,active_or_staged_candidate,
339,EMS2026-2-1-2-2-1-05,JOB-2-1-2-2-1-05,2.1.2.2.1,Handoff After Supraglottic Airway Placement,primary_doctrine_uncovered100,active_or_staged_candidate,
340,EMS2026-2-2-8-2-02,JOB-2-2-8-2-02,2.2.8.2,Crush Syndrome Risk Estimation,primary_doctrine_uncovered100,active_or_staged_candidate,
341,EMS2026-3-1-4-2-06,JOB-3-1-4-2-06,3.1.4.2,EMS Information-System Linkage,primary_doctrine_uncovered100,active_or_staged_candidate,
342,EMS2026-2-1-3-3-3-03,JOB-2-1-3-3-3-03,2.1.3.3.3,Pediatric IO After Failed IV Attempts,primary_doctrine_uncovered100,active_or_staged_candidate,
343,EMS2026-4-7-5-05,JOB-4-7-5-05,4.7.5,Certification Is Not An Outcome Measure,primary_doctrine_uncovered100,active_or_staged_candidate,
344,EMS2026-1-2-5-5-02,JOB-1-2-5-5-02,1.2.5.5,Volunteer System Outgrowing Capacity,primary_doctrine_uncovered100,active_or_staged_candidate,
345,EMS2026-2-3-10-1-02,JOB-2-3-10-1-02,2.3.10.1,Septic Shock Mixed Physiology,primary_doctrine_uncovered100,active_or_staged_candidate,
346,EMS2026-2-3-11-3-2-01,JOB-2-3-11-3-2-01,2.3.11.3.2,Single Suspected Smallpox Case,primary_doctrine_uncovered100,active_or_staged_candidate,
347,EMS2026-2-3-2-5-02,JOB-2-3-2-5-02,2.3.2.5,Field Tamponade Assessment,primary_doctrine_uncovered100,active_or_staged_candidate,
348,EMS2026-1-2-5-10-02,JOB-1-2-5-10-02,1.2.5.10,Tribal EMS Workload Accounting,primary_doctrine_uncovered100,active_or_staged_candidate,
349,EMS2026-3-1-5-2-02,JOB-3-1-5-2-02,3.1.5.2,Guideline Applicability Domain,primary_doctrine_uncovered100,active_or_staged_candidate,
350,EMS2026-1-4-2-3-06,JOB-1-4-2-3-06,1.4.2.3,Treat-In-Place Break-Even Analysis,primary_doctrine_uncovered100,active_or_staged_candidate,
351,EMS2026-2-3-1-4-01,JOB-2-3-1-4-01,2.3.1.4,Noninvasive Positive-Pressure Ventilation Candidate Selection,primary_doctrine_uncovered100,archived_redundant_candidate,archived_exact_duplicate_replaced_by_EMS2026-2-3-2-3-03
352,EMS2026-3-2-4-1-02,JOB-3-2-4-1-02,3.2.4.1,Cluster Randomization In EMS,primary_doctrine_uncovered100,active_or_staged_candidate,
353,EMS2026-4-6-1-06,JOB-4-6-1-06,4.6.1,Wilderness Oversight For Prolonged Field Care,primary_doctrine_uncovered100,active_or_staged_candidate,
354,EMS2026-1-3-4-1-2-01,JOB-1-3-4-1-2-01,1.3.4.1.2,Ergonomic Risk In EMS,primary_doctrine_uncovered100,active_or_staged_candidate,
355,EMS2026-4-2-2-2-05,JOB-4-2-2-2-05,4.2.2.2,Mobile Physician At Large Event,primary_doctrine_uncovered100,active_or_staged_candidate,
356,EMS2026-4-1-3-2-02,JOB-4-1-3-2-02,4.1.3.2,Escalating Beyond Local Resources,primary_doctrine_uncovered100,active_or_staged_candidate,
357,EMS2026-1-3-1-3-02,JOB-1-3-1-3-02,1.3.1.3,Competence Beyond Skill Checkoffs,primary_doctrine_uncovered100,active_or_staged_candidate,
358,EMS2026-3-2-1-3-02,JOB-3-2-1-3-02,3.2.1.3,Consent Pressure During EMS Research,primary_doctrine_uncovered100,active_or_staged_candidate,
359,EMS2026-4-1-6-5-02,JOB-4-1-6-5-02,4.1.6.5,External Clinicians At Alternate Care Sites,primary_doctrine_uncovered100,active_or_staged_candidate,
360,EMS2026-1-1-1-2-3-05,JOB-1-1-1-2-3-05,1.1.1.2.3,Safety Evidence For Nontransport Pathways,primary_doctrine_uncovered100,active_or_staged_candidate,
361,EMS2026-1-2-4-2-06,JOB-1-2-4-2-06,1.2.4.2,Licensure After National Certification,primary_doctrine_uncovered100,active_or_staged_candidate,
362,EMS2026-1-2-4-3-02,JOB-1-2-4-3-02,1.2.4.3,Choosing An EMS Delivery Model,primary_doctrine_uncovered100,active_or_staged_candidate,
363,EMS2026-2-3-11-4-2-02,JOB-2-3-11-4-2-02,2.3.11.4.2,Pandemic Threat Transition,primary_doctrine_uncovered100,active_or_staged_candidate,
364,EMS2026-1-3-4-1-1-04,JOB-1-3-4-1-1-04,1.3.4.1.1,Ryan White Act Exposure Notification,primary_doctrine_uncovered100,active_or_staged_candidate,
365,EMS2026-3-2-4-1-06,JOB-3-2-4-1-06,3.2.4.1,Multi-Arm Clinical Trial Design,primary_doctrine_uncovered100,active_or_staged_candidate,
366,EMS2026-1-3-1-2-02,JOB-1-3-1-2-02,1.3.1.2,Clinician Level And Education Scope,primary_doctrine_uncovered100,active_or_staged_candidate,
367,EMS2026-2-3-7-7-01,JOB-2-3-7-7-01,2.3.7.7,Gynecologic Complaint In A Child,primary_doctrine_uncovered100,active_or_staged_candidate,
368,EMS2026-2-3-8-2-6-02,JOB-2-3-8-2-6-02,2.3.8.2.6,Phosgene Latent Pulmonary Edema,primary_doctrine_uncovered100,active_or_staged_candidate,
369,EMS2026-2-4-5-6-01,JOB-2-4-5-6-01,2.4.5.6,Special Health Care Needs Beyond Technology,primary_doctrine_uncovered100,active_or_staged_candidate,
370,EMS2026-1-3-2-1-02,JOB-1-3-2-1-02,1.3.2.1,Adult Learner Relevance,primary_doctrine_uncovered100,active_or_staged_candidate,
371,EMS2026-4-1-3-1-03,JOB-4-1-3-1-03,4.1.3.1,When To Create An EMS Branch,primary_doctrine_uncovered100,active_or_staged_candidate,
372,EMS2026-1-2-5-1-02,JOB-1-2-5-1-02,1.2.5.1,Urban Overlap And Coordination,primary_doctrine_uncovered100,active_or_staged_candidate,
373,EMS2026-1-4-7-02,JOB-1-4-7-02,1.4.7,Telephone Advice As Navigation,primary_doctrine_uncovered100,active_or_staged_candidate,
374,EMS2026-4-1-5-4-02,JOB-4-1-5-4-02,4.1.5.4,Medical Reserve Corps Role,primary_doctrine_uncovered100,active_or_staged_candidate,
375,EMS2026-1-2-5-3-01,JOB-1-2-5-3-01,1.2.5.3,Rural Ambulance Coverage Tradeoff,primary_doctrine_uncovered100,active_or_staged_candidate,
376,EMS2026-2-3-11-4-1-01,JOB-2-3-11-4-1-01,2.3.11.4.1,Avian Influenza Exposure Context,primary_doctrine_uncovered100,active_or_staged_candidate,
377,EMS2026-2-3-1-5-01,JOB-2-3-1-5-01,2.3.1.5,Portable Ventilator Indication,primary_doctrine_uncovered100,active_or_staged_candidate,
378,EMS2026-1-4-4-2-07,JOB-1-4-4-2-07,1.4.4.2,Mass-Casualty Destination Decisions,primary_doctrine_uncovered100,active_or_staged_candidate,
379,EMS2026-1-4-2-1-04,JOB-1-4-2-1-04,1.4.2.1,Marginal Cost At Capacity,primary_doctrine_uncovered100,active_or_staged_candidate,
380,EMS2026-2-2-6-02,JOB-2-2-6-02,2.2.6,Ocular Chemical Burn Next Action,primary_doctrine_uncovered100,archived_redundant_candidate,archived_exact_duplicate_replaced_by_EMS2026-2-3-13-4-5-02
381,EMS2026-1-2-6-03,JOB-1-2-6-03,1.2.6,Communications System Mission,primary_doctrine_uncovered100,active_or_staged_candidate,
382,EMS2026-2-2-5-1-4-05,JOB-2-2-5-1-4-05,2.2.5.1.4,Open Fracture Antibiotics After Stabilization,primary_doctrine_uncovered100,active_or_staged_candidate,
383,EMS2026-2-1-2-3-03,JOB-2-1-2-3-03,2.1.2.3,Trapped Upright Airway Priority,primary_doctrine_uncovered100,active_or_staged_candidate,
384,EMS2026-1-2-5-7-01,JOB-1-2-5-7-01,1.2.5.7,Helicopter Emergency Medical Services Origins,primary_doctrine_uncovered100,active_or_staged_candidate,
385,EMS2026-1-4-8-09,JOB-1-4-8-09,1.4.8,Advocacy Framed For The Audience,primary_doctrine_uncovered100,active_or_staged_candidate,
386,EMS2026-2-3-11-6-3-01,JOB-2-3-11-6-3-01,2.3.11.6.3,Isolation Versus Quarantine,primary_doctrine_uncovered100,active_or_staged_candidate,
387,EMS2026-4-1-7-3-2-01,JOB-4-1-7-3-2-01,4.1.7.3.2,Mass-Casualty Incident Destination Distribution,primary_doctrine_uncovered100,active_or_staged_candidate,
388,EMS2026-1-2-5-2-02,JOB-1-2-5-2-02,1.2.5.2,Suburban First Response Design,primary_doctrine_uncovered100,active_or_staged_candidate,
389,EMS2026-3-1-5-1-01,JOB-3-1-5-1-01,3.1.5.1,Systematic Review Versus Narrative Review,primary_doctrine_uncovered100,active_or_staged_candidate,
390,EMS2026-2-2-5-1-4-02,JOB-2-2-5-1-4-02,2.2.5.1.4,Severe Open Fracture Antibiotic Coverage,primary_doctrine_uncovered100,active_or_staged_candidate,
391,EMS2026-1-3-4-3-08,JOB-1-3-4-3-08,1.3.4.3,Emergency Medical Services Fatigue Risk Management,primary_doctrine_uncovered100,active_or_staged_candidate,
392,EMS2026-4-7-5-02,JOB-4-7-5-02,4.7.5,Training Scope For Mobile Integrated Health Care,primary_doctrine_uncovered100,active_or_staged_candidate,
393,EMS2026-2-4-9-4-05,JOB-2-4-9-4-05,2.4.9.4,Death Notification Statement,primary_doctrine_uncovered100,active_or_staged_candidate,
394,EMS2026-2-3-3-1-1-04,JOB-2-3-3-1-1-04,2.3.3.1.1,Prehospital Large Vessel Occlusion Screen,primary_doctrine_uncovered100,active_or_staged_candidate,
395,EMS2026-2-3-12-1-2-02,JOB-2-3-12-1-2-02,2.3.12.1.2,Violence Risk In Psychosis,primary_doctrine_uncovered100,active_or_staged_candidate,
396,EMS2026-4-1-8-5-01,JOB-4-1-8-5-01,4.1.8.5,Nuclear Detonation Early Casualty Pattern,primary_doctrine_uncovered100,active_or_staged_candidate,
397,EMS2026-4-1-8-2-01,JOB-4-1-8-2-01,4.1.8.2,Overt Chemical Incident Priorities,primary_doctrine_uncovered100,active_or_staged_candidate,
398,EMS2026-2-2-6-05,JOB-2-2-6-05,2.2.6,Protruding Globe Foreign Body Next Action,primary_doctrine_uncovered100,active_or_staged_candidate,
399,EMS2026-4-1-3-2-04,JOB-4-1-3-2-04,4.1.3.2,Incident Action Plan Objective Linkage,primary_doctrine_uncovered100,active_or_staged_candidate,
400,EMS2026-1-3-1-3-05,JOB-1-3-1-3-05,1.3.1.3,Local Credentialing Beyond Psychomotor Skills,primary_doctrine_uncovered100,active_or_staged_candidate,
351,EMS2026-2-3-2-3-03,JOB-2-3-2-3-03,2.3.2.3,Hypertensive Pulmonary Edema Treatment Escalation,live400_duplicate_replacement_20260707,replacement_candidate_generated_review_pending,unused content code replacement for archived review order 351 (EMS2026-2-3-1-4-01)
380,EMS2026-2-3-13-4-5-02,JOB-2-3-13-4-5-02,2.3.13.4.5,Seizure During Deep Technical Dive,live400_duplicate_replacement_20260707,replacement_candidate_generated_review_pending,unused content code replacement for archived review order 380 (EMS2026-2-2-6-02)
